[{"@type":"mappingTemplate","id":"@1","name":"m_Load_COVID19_Ventilator_Orders_TrunLoad","description":"","bundleVersion":"0","templateId":"@3","deployTime":1607458053000,"hasParameters":true,"valid":true,"fixedConnection":true,"hasParametersDeployed":true,"fixedConnectionDeployed":true,"tasks":1,"mappingPreviewFileRecordId":"@2","documentType":"","references":[{"@type":"reference","refObjectId":"@1wiUSlt0PiOiTtUgWNtPSV","refType":"connection"},{"@type":"reference","refObjectId":"@8urV2lLzZ2NbFLLptEfYGA","refType":"connection"},{"@type":"reference","refObjectId":"@1oljKCs4yBwjSh3WmhSOAC","refType":"customFunc"}]}]