[{"@type":"mappingTemplate","id":"@1","name":"GCS_Sql_FF","description":"","bundleVersion":"0","templateId":"@3","deployTime":1615317763000,"hasParameters":false,"valid":true,"fixedConnection":true,"hasParametersDeployed":false,"fixedConnectionDeployed":true,"tasks":2,"mappingPreviewFileRecordId":"@2","documentType":"MAPPING","references":[{"@type":"reference","refObjectId":"@2oMpE4s1Kotb6HUq5k1xOh","refType":"connection"},{"@type":"reference","refObjectId":"@jNnoEnJW5GGeJNJCW7mIKt","refType":"connection"}]}]