[{"@type":"mtTask","id":"@1","name":"Maptask_Load_COVID19_Ventilator_Orders_TrunLoad","description":"","runtimeEnvironmentId":"@3lGxv0IsNLykYYDeLPKjgx","maxLogs":10,"verbose":true,"mappingId":"@akY4qJ3HzslkOIwe1oBGCi","shortDescription":"","sessionPropertiesList":[{"name":"Error Log File Directory","value":"$PMBadFileDir","recommended":false},{"name":"Error Log File Name","value":"mt_Load_COVID19_Ventilator_Orders_TrunLoad.log","recommended":false},{"name":"Error Log Type","value":"Flat File","recommended":false},{"name":"Stop on errors","value":"1","recommended":false}],"enableCrossSchemaPushdown":true,"enableParallelRun":false,"autoTunedApplied":false,"autoTunedAppliedType":"NONE","paramFileType":"PARAM_FILE_LOCAL","schemaMode":"async","parameterFileEncoding":"UTF-8","serverlessProperties":{},"taskProperties":[{"@type":"taskProperty","name":"parameterFileDir","currentValue":"","type":"STRING","label":"label.parameterFileDir","required":false},{"@type":"taskProperty","name":"parameterFileName","currentValue":"","type":"STRING","label":"label.parameterFileName","required":false}],"parameters":[{"@type":"mtTaskParameter","id":166273975,"name":"$sc_Vent_Orders$","type":"EXTENDED_SOURCE","label":"sc_Vent_Orders","uiProperties":{"connectionParameterized":"false","isMsrcFilterParameterized":"false","isMsrcSortParameterized":"false","objectParameterized":"false","visible":"false"},"sourceConnectionId":"@8Q8nvFAfc1VeQlyws2K6OL","newFlatFile":false,"newObject":false,"showBusinessNames":false,"naturalOrder":true,"truncateTarget":false,"bulkApiDBTarget":false,"srcFFAttrs":{"@type":"flatFileAttrs","id":26501356,"delimiter":",","textQualifier":"\"","escapeChar":"","headerLineNo":1,"firstDataRow":2},"customFuncCfg":{"@type":"customFuncConfig","id":-1,"connections":[],"inputMap":[],"outputFields":[]},"tgtFieldRefs":{},"targetUpdateColumns":[],"extendedObject":{"@type":"extendedObject","object":{"@type":"mObject","name":"VentOrders.csv","label":"VentOrders.csv","metadataUpdated":false,"relations":[],"children":[]},"filters":[],"sortFields":[]},"runtimeAttrs":{},"isRESTModernSource":true,"isFileList":false,"handleSpecialChars":false,"frsAsset":false,"dynamicFileName":false,"currentlyProcessedFileName":false,"fetchMode":"ORIGINAL","tgtObjectAttributes":{},"runtimeParameterData":{"@type":"mtTaskRuntimeParameterData","isConnectionRuntimeParameter":false,"isObjectRuntimeParameter":false},"overriddenFields":[]},{"@type":"mtTaskParameter","id":166273978,"name":"$t_VentilatorOrders$","type":"TARGET","label":"t_VentilatorOrders","uiProperties":{"connectionParameterized":"false","objectParameterized":"false","visible":"false","defaultTargetUpdateColumns":""},"targetConnectionId":"@7Ou2t7HSEUKiPTxGGIdNMR","targetObject":"VentilatorOrders","targetObjectLabel":"VentilatorOrders","newFlatFile":false,"newObject":true,"showBusinessNames":false,"naturalOrder":true,"newObjectName":"VentilatorOrders","truncateTarget":true,"bulkApiDBTarget":false,"operationType":"Insert","customFuncCfg":{"@type":"customFuncConfig","id":-1,"connections":[],"inputMap":[],"outputFields":[]},"tgtFieldRefs":{},"targetUpdateColumns":[],"extendedObject":{"@type":"extendedObject","filters":[],"sortFields":[]},"runtimeAttrs":{},"isRESTModernSource":true,"isFileList":false,"handleSpecialChars":false,"frsAsset":false,"dynamicFileName":false,"currentlyProcessedFileName":false,"fetchMode":"ORIGINAL","tgtObjectAttributes":{},"runtimeParameterData":{"@type":"mtTaskRuntimeParameterData","isConnectionRuntimeParameter":false,"isObjectRuntimeParameter":false},"overriddenFields":[]},{"@type":"mtTaskParameter","id":166273981,"name":"$Lookup$","type":"LOOKUP","label":"Lookup","uiProperties":{"connectionParameterized":"false","isCachedLookup":"true","multipleMatchPolicy":"Use Any Value","objectParameterized":"false","visible":"false"},"lookupConnectionId":"@7Ou2t7HSEUKiPTxGGIdNMR","lookupObject":"VentOrders","lookupObjectLabel":"VentOrders","newFlatFile":false,"newObject":false,"showBusinessNames":false,"naturalOrder":true,"truncateTarget":false,"bulkApiDBTarget":false,"customFuncCfg":{"@type":"customFuncConfig","id":-1,"connections":[],"inputMap":[],"outputFields":[]},"tgtFieldRefs":{},"targetUpdateColumns":[],"runtimeAttrs":{},"isRESTModernSource":true,"isFileList":false,"handleSpecialChars":false,"frsAsset":false,"dynamicFileName":false,"currentlyProcessedFileName":false,"fetchMode":"ORIGINAL","tgtObjectAttributes":{},"runtimeParameterData":{"@type":"mtTaskRuntimeParameterData","isConnectionRuntimeParameter":false,"isObjectRuntimeParameter":false},"overriddenFields":[]},{"@type":"mtTaskParameter","id":166273984,"name":"$mp_MD5$","type":"MAPPLET","label":"MPLT_CALCULATE_MD5","uiProperties":{"mpltConnParams":"","visible":"false"},"newFlatFile":false,"newObject":false,"showBusinessNames":true,"naturalOrder":true,"truncateTarget":false,"bulkApiDBTarget":false,"customFuncCfg":{"@type":"customFuncConfig","id":1344709,"connections":[],"inputMap":[],"outputFields":[],"customFuncId":"@1oljKCs4yBwjSh3WmhSOAC"},"tgtFieldRefs":{},"targetUpdateColumns":[],"runtimeAttrs":{},"isRESTModernSource":true,"isFileList":false,"handleSpecialChars":false,"frsAsset":false,"dynamicFileName":false,"currentlyProcessedFileName":false,"fetchMode":"ORIGINAL","tgtObjectAttributes":{},"runtimeParameterData":{"@type":"mtTaskRuntimeParameterData","isConnectionRuntimeParameter":false,"isObjectRuntimeParameter":false},"overriddenFields":[]}],"sequences":[],"inOutParameters":[],"connRuntimeAttrs":[]}]