[{"@type":"mappingTemplate","id":"@1","name":"Account-FF-FL","description":"Created for IST file listener. ","bundleVersion":"0","templateId":"@3","hasParameters":false,"valid":true,"fixedConnection":true,"hasParametersDeployed":false,"fixedConnectionDeployed":false,"tasks":1,"mappingPreviewFileRecordId":"@2","documentType":"MAPPING","references":[{"@type":"reference","refObjectId":"@ayt3lE7WidnlFQiNqTplIP","refType":"connection"},{"@type":"reference","refObjectId":"@0uaDpjdmTkDgSF11nDdSAt","refType":"connection"}]}]