[{"@type":"mappingTemplate","id":"@1","name":"Github-Rest-1","description":"A Sample mapping to check Github pull from REST Api. ","bundleVersion":"0","templateId":"@3","deployTime":1619745116000,"hasParameters":false,"valid":true,"fixedConnection":true,"hasParametersDeployed":false,"fixedConnectionDeployed":true,"tasks":1,"mappingPreviewFileRecordId":"@2","documentType":"MAPPING","references":[{"@type":"reference","refObjectId":"@jNnoEnJW5GGeJNJCW7mIKt","refType":"connection"},{"@type":"reference","refObjectId":"@0uaDpjdmTkDgSF11nDdSAt","refType":"connection"}]}]