[{"@type":"mtTask","id":"@1","name":"mt_Load_COVID19_Ventilator_Orders_TrunLoad","description":"","runtimeEnvironmentId":"@9mkIpsGuFkkl5muNHq4jIb","maxLogs":10,"verbose":true,"mappingId":"@8cEvP0ebYBCezKFoFG8Jen","shortDescription":"","sessionPropertiesList":[{"name":"Error Log File Directory","value":"$PMBadFileDir","recommended":false},{"name":"Error Log File Name","value":"mt_Load_COVID19_Ventilator_Orders_TrunLoad.log","recommended":false},{"name":"Error Log Type","value":"Flat File","recommended":false},{"name":"Stop on errors","value":"1","recommended":false}],"enableCrossSchemaPushdown":true,"enableParallelRun":false,"autoTunedApplied":false,"autoTunedAppliedType":"NONE","parameterFileName":"hyperspace_to_covid.prm","paramFileType":"PARAM_FILE_LOCAL","schemaMode":"async","parameterFileEncoding":"UTF-8","serverlessProperties":{},"taskProperties":[{"@type":"taskProperty","name":"parameterFileDir","currentValue":"","type":"STRING","label":"label.parameterFileDir","required":false},{"@type":"taskProperty","name":"parameterFileName","currentValue":"hyperspace_to_covid.prm","type":"STRING","label":"label.parameterFileName","required":false}],"parameters":[{"@type":"mtTaskParameter","id":163122196,"name":"$sc_Vent_Orders$","type":"EXTENDED_SOURCE","label":"sc_Vent_Orders","uiProperties":{"connectionParameterized":"false","isMsrcFilterParameterized":"false","isMsrcSortParameterized":"false","objectParameterized":"false","visible":"false"},"sourceConnectionId":"@1wiUSlt0PiOiTtUgWNtPSV","newFlatFile":false,"newObject":false,"showBusinessNames":false,"naturalOrder":true,"truncateTarget":false,"bulkApiDBTarget":false,"srcFFAttrs":{"@type":"flatFileAttrs","id":26285395,"delimiter":",","textQualifier":"\"","escapeChar":"","headerLineNo":1,"firstDataRow":2},"customFuncCfg":{"@type":"customFuncConfig","id":-1,"connections":[],"inputMap":[],"outputFields":[]},"tgtFieldRefs":{},"targetUpdateColumns":[],"extendedObject":{"@type":"extendedObject","object":{"@type":"mObject","name":"VentOrders.csv","label":"VentOrders.csv","metadataUpdated":false,"relations":[],"children":[]},"filters":[],"sortFields":[]},"runtimeAttrs":{},"isRESTModernSource":true,"isFileList":false,"handleSpecialChars":false,"frsAsset":false,"dynamicFileName":false,"currentlyProcessedFileName":false,"fetchMode":"ORIGINAL","tgtObjectAttributes":{},"runtimeParameterData":{"@type":"mtTaskRuntimeParameterData","isConnectionRuntimeParameter":false,"isObjectRuntimeParameter":false},"overriddenFields":[]},{"@type":"mtTaskParameter","id":163122199,"name":"$t_VentilatorOrders$","type":"TARGET","label":"DBConnection_TGT","description":"","uiProperties":{"cnxtype":"SqlServer","connectionParameterized":"true","logcnx":"DBConnection_TGT","default":"VentilatorOrders","objectParameterized":"false","visible":"false","defaultTargetUpdateColumns":""},"targetConnectionId":"@8urV2lLzZ2NbFLLptEfYGA","targetObject":"VentilatorOrders","targetObjectLabel":"VentilatorOrders","newFlatFile":false,"newObject":false,"showBusinessNames":true,"naturalOrder":true,"truncateTarget":true,"bulkApiDBTarget":false,"operationType":"Insert","customFuncCfg":{"@type":"customFuncConfig","id":-1,"connections":[],"inputMap":[],"outputFields":[]},"tgtFieldRefs":{},"targetUpdateColumns":[],"extendedObject":{"@type":"extendedObject","filters":[],"sortFields":[]},"runtimeAttrs":{},"isRESTModernSource":true,"isFileList":false,"handleSpecialChars":false,"frsAsset":false,"dynamicFileName":false,"currentlyProcessedFileName":false,"fetchMode":"ORIGINAL","tgtObjectAttributes":{},"runtimeParameterData":{"@type":"mtTaskRuntimeParameterData","isConnectionRuntimeParameter":true,"isObjectRuntimeParameter":false,"connectionParameterName":"DBConnection_TGT"},"overriddenFields":[]},{"@type":"mtTaskParameter","id":163122202,"name":"$Lookup$","type":"LOOKUP","label":"Lookup","uiProperties":{"connectionParameterized":"false","isCachedLookup":"true","multipleMatchPolicy":"Use Any Value","objectParameterized":"false","visible":"false"},"lookupConnectionId":"@8urV2lLzZ2NbFLLptEfYGA","lookupObject":"PATIENT","lookupObjectLabel":"PATIENT","newFlatFile":false,"newObject":false,"showBusinessNames":false,"naturalOrder":true,"truncateTarget":false,"bulkApiDBTarget":false,"customFuncCfg":{"@type":"customFuncConfig","id":-1,"connections":[],"inputMap":[],"outputFields":[]},"tgtFieldRefs":{},"targetUpdateColumns":[],"runtimeAttrs":{},"isRESTModernSource":true,"isFileList":false,"handleSpecialChars":false,"frsAsset":false,"dynamicFileName":false,"currentlyProcessedFileName":false,"fetchMode":"ORIGINAL","tgtObjectAttributes":{},"runtimeParameterData":{"@type":"mtTaskRuntimeParameterData","isConnectionRuntimeParameter":false,"isObjectRuntimeParameter":false},"overriddenFields":[]},{"@type":"mtTaskParameter","id":163122205,"name":"$mp_MD5$","type":"MAPPLET","label":"MPLT_CALCULATE_MD5","uiProperties":{"mpltConnParams":"","visible":"false"},"newFlatFile":false,"newObject":false,"showBusinessNames":true,"naturalOrder":true,"truncateTarget":false,"bulkApiDBTarget":false,"customFuncCfg":{"@type":"customFuncConfig","id":1331992,"connections":[],"inputMap":[],"outputFields":[],"customFuncId":"@1oljKCs4yBwjSh3WmhSOAC"},"tgtFieldRefs":{},"targetUpdateColumns":[],"runtimeAttrs":{},"isRESTModernSource":true,"isFileList":false,"handleSpecialChars":false,"frsAsset":false,"dynamicFileName":false,"currentlyProcessedFileName":false,"fetchMode":"ORIGINAL","tgtObjectAttributes":{},"runtimeParameterData":{"@type":"mtTaskRuntimeParameterData","isConnectionRuntimeParameter":false,"isObjectRuntimeParameter":false},"overriddenFields":[]}],"sequences":[],"inOutParameters":[],"connRuntimeAttrs":[]}]