[{"@type":"mappingTemplate","id":"@1","name":"TWF-Linux","description":"SQL To Oracle for twf. ","bundleVersion":"0","templateId":"@3","hasParameters":false,"valid":true,"fixedConnection":true,"hasParametersDeployed":false,"fixedConnectionDeployed":false,"tasks":1,"mappingPreviewFileRecordId":"@2","documentType":"MAPPING","references":[{"@type":"reference","refObjectId":"@5qNq3aXmGCWjFcKgoKiTG6","refType":"connection"},{"@type":"reference","refObjectId":"@lvi3zVztFmFhKjeLA6mlCL","refType":"connection"}]}]