[{"@type":"mappingTemplate","id":"@1","name":"Map_Load_COVID19_Ventilator_Orders_TrunLoad","description":"","bundleVersion":"0","templateId":"@3","deployTime":1607648929000,"hasParameters":false,"valid":true,"fixedConnection":true,"hasParametersDeployed":false,"fixedConnectionDeployed":true,"tasks":1,"mappingPreviewFileRecordId":"@2","documentType":"","references":[{"@type":"reference","refObjectId":"@1oljKCs4yBwjSh3WmhSOAC","refType":"customFunc"},{"@type":"reference","refObjectId":"@8Q8nvFAfc1VeQlyws2K6OL","refType":"connection"},{"@type":"reference","refObjectId":"@7Ou2t7HSEUKiPTxGGIdNMR","refType":"connection"}]}]