[{"@type":"mappingTemplate","id":"@1","name":"Account-FF-FL-Linux","description":"Linux File. Linux-Agent folder","bundleVersion":"0","templateId":"@3","hasParameters":false,"valid":true,"fixedConnection":true,"hasParametersDeployed":false,"fixedConnectionDeployed":false,"tasks":1,"mappingPreviewFileRecordId":"@2","documentType":"MAPPING","references":[{"@type":"reference","refObjectId":"@6E4nDMZShNEcDZ1GsxB4Sz","refType":"connection"},{"@type":"reference","refObjectId":"@47OdfJ8Nh4OfcdoNHwHuYr","refType":"connection"}]}]